0,,,,,,Sol,0.0,0.0,0.0,0.0,0.0,0.0,-26.7,4.85,G2V,0.656,5e-06,0.0,0.0,0.0,0.0,0.0,0.0,0.0,0.0,0.0,,,,1,0,,1.0,,,
676,677,358,15,,21Alp And,Alpheratz,0.139791,29.090432,29.7442,135.68,-162.95,-12.0,2.07,-0.297,B9p,-0.038,25.974572,0.951042,14.461264,-2e-08,1.958e-05,-2.65e-05,0.03659716270801555,0.5077238184659449,6.577952017777778e-07,-7.90003892e-07,Alp,21,And,1,676,,114.49855346901883,Alp,2.083,2.063
744,746,432,21,Gl 8,11Bet Cas,Caph,0.152887,59.14978,16.7842,523.39,-180.42,11.3,2.28,1.155,F2III-IV,0.38,8.600014,0.344589,14.409503,1.681e-05,4.329e-05,2.39e-06,0.040025852830323276,1.0323584043676326,2.5374663226597225e-06,-8.74700842e-07,Bet,11,Cas,1,744,,30.06076302628229,Bet,2.303,2.263
1065,1067,886,39,,88Gam Peg,Algenib,0.220598,15.183596,120.048,4.7,-8.24,4.0,2.83,-2.567,B2IV,-0.19,115.664183,6.687324,31.442127,5.04e-06,3.03e-06,-3.56e-06,0.05775241337962613,0.2650037404493388,2.2786242986111112e-08,-3.9948647e-08,Gam,88,Peg,1,1065,,926.4031007363994,Gam,2.846,2.816
2076,2081,2261,99,,Alp Phe,Ankaa,0.438056,-42.305981,25.974,232.76,-353.64,75.0,2.4,0.327,K0III...,1.083,19.083654,2.198282,-17.483284,2.323e-05,3.218e-05,-8.456e-05,0.11468290295782503,-0.7383786688321162,1.128452322861111e-06,-1.714495099e-06,Alp,,Phe,1,2076,,64.44659847416881,,,
3172,3179,3712,168,,18Alp Cas,Shedir,0.675116,56.537331,69.979,50.36,-32.17,-4.0,2.24,-1.985,K0II-IIIvar,1.17,37.984817,6.784483,58.379619,3.74e-06,1.802e-05,-9.43e-06,0.17674488133148336,0.9867625763100912,2.4415216952777776e-07,-1.55964561e-07,Alp,18,Cas,1,3172,,542.0008904016238,Alp,2.25,2.23
3413,3419,4128,188,Gl 31,16Bet Cet,Diphda,0.72649,-17.986605,29.5334,232.79,32.71,13.3,2.04,-0.312,K0III,1.019,27.583638,5.310463,-9.119792,7.82e-06,3.545e-05,2.5e-07,0.19019464223046095,-0.31392547040265245,1.1285977669652777e-06,1.58582554e-07,Bet,16,Cet,1,3413,,116.09138701261821,,,
3759,3765,4628,222,Gl 33,,96 G. Psc,0.806382,5.280615,7.4549,758.04,-1141.22,-10.0,5.74,6.378,K2V,0.89,7.258368,1.555495,0.686093,-1.198e-05,2.545e-05,-4.201e-05,0.21111031896421073,0.09216411608150625,3.675081624083333e-06,-5.532790685e-06,,,Psc,1,3759,,0.24479356661960658,,,
3820,3829,,,Gl 35,,Van Maanen's Star,0.819416,5.38861,4.2626,1233.05,-2710.56,54.0,12.37,14.222,DG,0.554,4.146957,0.903519,0.400348,5.345e-05,3.772e-05,-5.057e-05,0.21452251445702078,0.09404897880013376,5.977995088090278e-06,-1.3141165699e-05,,,,1,3820,,0.00017831997722329162,,12.621,12.091
4417,4427,5394,264,,27Gam Cas,Cih,0.945143,60.71674,168.3502,25.65,-3.82,-7.0,2.15,-3.981,B0IV:evar,-0.046,79.836717,20.168018,146.837047,-5.89e-06,2.01e-05,-7.77e-06,0.2474379511037043,1.0597070289510324,1.243547090625e-07,-1.8519882e-08,Gam,27,Cas,1,4417,,3407.218616593573,Gam,2.173,2.133
5436,5447,6860,337,Gl 53.3,43Bet And,Mirach,1.162194,35.620558,60.5327,175.59,-112.23,-0.8,2.07,-1.84,M0IIIvar,1.576,46.946371,14.741814,35.255129,2.23e-06,5.471e-05,-2.725e-05,0.30426179273798976,0.6216960120690613,8.512843416875e-07,-5.44106393e-07,Bet,43,And,1,5436,,474.2419852602448,,,
6672,6686,8538,403,,37Del Cas,Ruchbah,1.430216,60.235283,30.4785,297.24,-49.49,7.0,2.66,0.24,A5Vv SB,0.16,14.082378,5.53413,26.457567,-6.85e-06,4.45e-05,2.58e-06,0.37442958727661074,1.0513040155749624,1.4410601840833333e-06,-2.3993429e-07,Del,37,Cas,1,6672,,69.82324040771711,Del,2.666,2.656
7574,7588,10144,472,,Alp Eri,Achernar,1.628556,-57.236757,42.7533,88.02,-40.08,16.0,0.45,-2.705,B3Vp,-0.158,21.065573,9.568417,-35.951967,-5.84e-06,1.738e-05,-1.826e-05,0.42635506591376426,-0.9989698692415762,4.2673300162500003e-07,-1.94313323e-07,Alp,,Eri,1,7574,,1051.9618738232234,Alp,0.487,0.427
8884,8903,11636,553,Gl 80,6Bet Ari,Sheratan,1.910668,20.808035,17.9856,96.32,-108.8,-4.0,2.64,1.365,A5V...,0.165,14.752622,8.063457,6.389157,-4.43e-06,7.15e-06,-1.032e-05,0.5002117420096996,0.363168721573765,4.669725371111111e-07,-5.27477284e-07,Bet,6,Ari,1,8884,,24.774220576332848,,,
9618,9640,12533,603,,57Gam1And,Almaak,2.064984,42.329725,120.4819,43.08,-50.85,-12.0,2.1,-3.305,B8V,1.37,76.368059,45.840864,81.131974,-3.58e-06,2.72e-05,-3.022e-05,0.5406116765051688,0.738793066882135,2.0885773358333334e-07,-2.46527756e-07,Gam-1,57,And,1,9618,,1828.1002161427427,,,
9861,9884,12929,617,Gl 84.3,13Alp Ari,Hamal,2.119555,23.462423,20.1776,190.73,-145.77,-14.4,2.01,0.486,K2III,1.151,15.731986,9.751722,8.03361,-1.649e-05,1.173e-05,-1.894e-05,0.554898130994913,0.4094965332621075,9.24685132923611e-07,-7.06712902e-07,Alp,13,Ari,1,9861,,55.6672798150948,,,
10800,10826,14386,681,,68Omi Cet,Mira,2.322442,-2.977643,91.659,10.33,-239.48,64.0,6.47,1.659,M5e-M9e,0.966,75.131148,52.288786,-4.761374,4.649e-05,3.795e-05,-0.00010967,0.6080139982109655,-0.051969667028267504,5.0081253201388894e-08,-1.161031802e-06,Omi,68,Cet,1,10800,,18.897310544316767,Omi,8.511,4.871
11734,11767,8890,424,,1Alp UMi,Polaris,2.52975,89.264109,132.626,44.22,-11.74,-17.0,1.97,-3.643,F7:Ib-IIv SB,0.636,1.3431,1.047629,132.614909,-1.171e-05,2.692e-05,-1.748e-05,0.6622870748653336,1.5579526129751475,2.1438460954166665e-07,-5.6917126e-08,Alp,1,UMi,1,11734,,2495.743794831569,Alp,1.993,1.953
12082,12114,16160,753,Gl 105A,,268 G. Cet,2.601357,6.88687,7.1803,1806.27,1442.5,26.0,5.79,6.509,K3V,0.918,5.538462,4.488223,0.861013,-2.374e-05,6.168e-05,5.304e-05,0.681033735135593,0.1201985615767425,8.757044067770833e-06,6.993437342e-06,,,Cet,1,12082,Gl 105,0.21697015538008513,,,
13813,13847,18622,897,,The1Eri,Acamar,2.971023,-40.304672,49.4315,-53.53,25.71,12.0,2.88,-0.59,A4III+...,0.128,26.85749,26.453029,-31.974932,1.851e-05,2.3e-07,-3.24e-06,0.777812118193322,-0.7034492363510262,-2.595207632013889e-07,1.24645597e-07,The-1,,Eri,1,13813,,149.96848355023724,,,
14100,14135,18884,911,,92Alp Cet,Menkar,3.037992,4.089734,76.3942,-11.81,-78.76,-26.0,2.54,-1.875,M2III,1.63,53.342561,54.414384,5.448321,-1.399e-05,-2.052e-05,-3.099e-05,0.7953445140056629,0.0713793229065275,-5.725649567361112e-08,-3.81839254e-07,Alp,92,Cet,1,14100,,489.77881936844614,Alp,2.561,2.521
14540,14576,19356,936,,26Bet Per,Algol,3.136148,40.955648,27.571,2.39,-1.44,4.0,2.09,-0.112,B8V,-0.003,14.189428,15.238793,18.072114,1.96e-06,2.57e-06,2.54e-06,0.821041501386661,0.7148108979134763,1.1587046965277778e-08,-6.981317e-09,Bet,26,Per,1,14540,,96.56060985415496,Bet,2.213,2.073
15471,15510,20794,1008,Gl 139,,82 G. Eri,3.331944,-43.069784,6.0434,3038.08,726.34,86.7,4.26,5.354,G8V,0.711,2.839238,3.381499,-4.127499,-1.715e-05,0.00011797,-4.501e-05,0.8723007989903294,-0.7517095357877388,1.4729027466222223e-05,3.521395687e-06,,,Eri,1,15471,,0.6286370884130494,,,
15824,15863,20902,1017,,33Alp Per,Mirphak,3.405378,49.86118,155.2795,24.11,-26.01,-2.0,1.79,-4.166,F5Ib,0.481,62.885098,77.880689,118.708804,-5.55e-06,2.202e-05,-1.419e-05,0.8915260037750609,0.8702417516246674,1.1688857838194444e-07,-1.26100038e-07,Alp,33,Per,1,15824,,4040.173353730007,,,
17661,17702,23630,1165,,25Eta Tau,Alcyone,3.79141,24.105137,123.6094,19.35,-43.11,10.0,2.85,-2.61,B7III,-0.086,61.664507,94.489136,50.483636,1.16e-06,2.299e-05,-1.94e-05,0.9925887748501628,0.42071400922220126,9.381144718750002e-08,-2.09003177e-07,Eta,25,Tau,1,17661,,963.8290236239706,,,
18497,18543,25025,1231,,34Gam Eri,Zaurak,3.967157,-13.508515,62.3441,60.51,-111.34,62.0,2.97,-1.004,M1IIIb Ca-1,1.588,30.760217,52.235828,-14.56308,1.154e-05,5.563e-05,-4.753e-05,1.0385992839066334,-0.23576806917607127,2.9336075810416665e-07,-5.39791551e-07,Gam,34,Eri,1,18497,,219.5836500973188,Gam,3.0,2.95
21368,21421,29139,1457,Gl 171.1A,87Alp Tau,Aldebaran,4.598677,16.509301,20.4332,62.78,-189.36,54.5,0.87,-0.682,K5III,1.538,7.02722,18.287604,5.806661,1.528e-05,5.709e-05,-2.14e-06,1.2039308112027507,0.2881416661221312,3.043660286527778e-07,-9.18043185e-07,Alp,87,Tau,1,21368,Gl 171.1,163.23000728189953,Alp,0.888,0.858
22961,23015,31398,1577,,3Iot Aur,Hassaleh,4.949894,33.16609,151.2859,3.63,-18.54,18.0,2.69,-3.209,K3IIvar,1.49,34.378539,121.884168,82.763748,3.64e-06,2.271e-05,-1.31e-06,1.2958792109889454,0.57885747451101,1.7598736604166667e-08,-8.9884456e-08,Iot,3,Aur,1,22961,,1673.4009068393123,,,
23820,23875,33111,1666,Wo 9175,67Bet Eri,Cursa,5.130829,-5.086446,27.3973,-83.39,-75.44,-9.2,2.78,0.591,A3IIIvar,0.161,6.156194,26.585876,-2.429001,8.48e-06,-1.249e-05,-9.15e-06,1.3432479534963782,-0.0887752322551,-4.0428612821527783e-07,-3.6574344e-07,Bet,67,Eri,1,23820,,50.53589947531675,,,
24129,24186,33793,,Gl 191,,Kapteyn's Star,5.194169,-45.018417,3.9114,6506.05,-5731.39,245.5,8.86,10.898,M0V,1.543,0.578997,2.705174,-2.76822,-9.951e-05,0.0001243,-0.00025439,1.359830239429058,-0.7857196034245437,3.1542220463784724e-05,-2.7786562805e-05,,,Pic,1,24129,,0.0038089037649813515,VZ,9.148,8.828
24378,24436,34085,1713,,19Bet Ori,Rigel,5.242298,-8.20164,264.5503,1.87,-0.56,21.0,0.18,-6.933,B8Ia,-0.03,51.601106,256.709905,-37.740051,1.82e-06,2.121e-05,-3.77e-06,1.3724303693276385,-0.143145630755865,9.06601582638889e-09,-2.714956e-09,Bet,19,Ori,1,24378,,51665.42425669497,,,
24549,24608,34029,1708,Gl 194A,13Alp Aur,Capella,5.27815,45.997991,13.1234,75.52,-427.13,22.2,0.08,-0.51,M1: comp,0.795,1.712633,8.954439,9.440007,1.92e-06,3.559e-05,-2.54e-06,1.381816412648801,0.8028163926341112,3.6613129155555555e-07,-2.070784673e-06,Alp,13,Aur,1,24549,Gl 194,139.3156802945302,,,
25273,25336,35468,1790,,24Gam Ori,Bellatrix,5.418851,6.349702,77.3994,-8.75,-13.28,18.0,1.64,-2.804,B2III,-0.224,11.658576,76.036136,8.56012,6.1e-06,1.813e-05,-2.92e-06,1.418651833814526,0.11082320964651,-4.2421197048611115e-08,-6.4383256e-08,Gam,24,Ori,1,25273,,1152.3913771994878,,,
25364,25428,35497,1791,,112Bet Tau,Alnath,5.438198,28.60745,41.0509,23.28,-174.22,9.0,1.65,-1.417,B7III,-0.13,5.281578,35.6504,19.655456,-9.7e-07,2.509e-05,-2.603e-05,1.4237168085654672,0.4992941923790525,1.1286462483333334e-07,-8.44642394e-07,Bet,112,Tau,1,25364,,321.21809339879854,,,
25542,25606,36079,1829,,9Bet Lep,Nihal,5.470756,-20.759441,49.1642,-5.03,-85.92,-14.0,2.81,-0.648,G5II,0.807,6.349344,45.531613,-17.425966,-1.66e-06,-2.061e-05,-1.407e-05,1.4322406986213787,-0.3623205948292475,-2.4386128131944448e-08,-4.16551914e-07,Bet,9,Lep,1,25542,,158.1976398601154,,,
25865,25930,36486,1852,,34Del Ori,Mintaka,5.533445,-0.299092,212.3142,1.67,0.56,16.0,2.25,-4.385,O9.5II,-0.175,25.868117,210.729667,-1.108306,2.9e-07,1.645e-05,4.9e-07,1.4486524168433992,-0.005220140244135,8.096388465277777e-09,2.714956e-09,Del,34,Ori,1,25865,,4943.106869868354,Del,2.334,2.234
25920,25985,36673,1865,,11Alp Lep,Arneb,5.545504,-17.822289,680.2721,3.27,1.54,24.0,2.58,-6.583,F0Ib,0.211,76.877195,643.047236,-208.208,-7.75e-06,2.603e-05,-2.68e-06,1.4518096517173142,-0.3110576146713625,1.5853407354166667e-08,7.46613e-09,Alp,11,Lep,1,25920,,37428.29122408052,,,
26176,26241,37043,1899,,44Iot Ori,Hatsya,5.590551,-5.909901,714.2857,2.27,-0.62,22.0,2.75,-6.519,O9III,-0.21,76.014147,706.411475,-73.54604,-5.44e-06,2.287e-05,-4.45e-06,1.4636027422961173,-0.10314723630113501,1.100527054861111e-08,-3.005844e-09,Iot,44,Ori,1,26176,,35285.8025828527,,,
26246,26311,37128,1903,,46Eps Ori,Alnilam,5.603559,-1.20192,606.0606,1.49,-1.06,26.0,1.69,-7.223,B0Ia,-0.184,62.775122,602.66691,-12.712683,-1.61e-06,2.683e-05,-3.67e-06,1.4670083872075836,-0.02097745796646875,7.223723840277778e-09,-5.139025e-09,Eps,46,Ori,1,26246,,67483.87308707573,Eps,1.717,1.667
26569,26634,37795,1956,,Alp Col,Phakt,5.660817,-34.074108,80.1282,-0.1,-24.05,35.0,2.65,-1.869,B7IV,-0.12,5.885917,66.110037,-44.89318,2.2e-06,2.432e-05,-2.779e-05,1.4819983267578802,-0.5947053712297875,-4.848136805555554e-10,-1.1659769e-07,Alp,,Col,1,26569,,487.07966649253666,,,
26662,26727,37742,1948,,50Zet Ori,Alnitak,5.679313,-1.942572,225.7336,3.99,2.54,18.0,1.74,-5.028,O9.5Ib SB,-0.199,18.918488,224.809409,-7.651875,-2.8e-06,1.879e-05,2.15e-06,1.4868406872605762,-0.03390428125016375,1.9344065854166667e-08,1.2314267e-08,Zet,50,Ori,1,26662,,8937.169608501978,,,
27298,27366,38771,2004,,53Kap Ori,Saiph,5.795941,-9.669605,198.4127,1.55,-1.2,21.0,2.07,-4.418,B0.5Iavar,-0.168,10.444137,195.314937,-33.326707,-3.7e-07,2.103e-05,-4.75e-06,1.5173738927528553,-0.168766439905435,7.514612048611112e-09,-5.817764e-09,Kap,53,Ori,1,27298,,5095.654806081146,,,
27919,27989,39801,2061,,58Alp Ori,Betelgeuse,5.919529,7.407063,152.6718,27.33,10.86,21.0,0.45,-5.469,M2Ib,1.5,3.189296,151.364387,19.682142,-1.98e-05,2.068e-05,1.074e-05,1.5497291183713153,0.12927763169419373,1.324995788958333e-07,5.2650765e-08,Alp,58,Ori,1,27919,,13415.28798266127,Alp,0.571,0.281
28288,28360,40183,2088,NN 3375,34Bet Aur,Menkalinan,5.992149,44.947433,24.8694,-56.41,-0.88,-19.4,1.9,-0.078,A2V,0.077,0.036195,17.601288,17.569058,6.77e-06,-1.398e-05,-1.409e-05,1.5687409450202745,0.78448069066935,-2.7348339720138883e-07,-4.26636e-09,Bet,34,Aur,1,28288,,93.58365435835302,Bet,1.967,1.897
30016,30089,44179,,,,Red Rectangle,6.332838,-10.637414,440.5286,-10.98,-21.1,0.0,8.85,0.63,B8,0.344,-37.678828,431.31548,-81.318571,2.408e-05,-6.25e-06,-4.429e-05,1.6579330572152564,-0.18565790108725252,-5.3232542125e-08,-1.02295686e-07,,,Mon,1,30016,,48.75284901033863,V777,8.897,8.767
30251,30324,44743,2294,,2Bet CMa,Mirzam,6.378329,-17.955918,151.0574,-3.45,-0.47,34.0,1.98,-3.916,B1II/III,-0.24,-14.209731,142.995999,-46.568852,-7.5e-07,3.306e-05,-1.105e-05,1.6698426956468702,-0.31338988393796,-1.672607197916667e-08,-2.278624e-09,Bet,2,CMa,1,30251,,3209.223768048436,Bet,1.999,1.969
30365,30438,45348,2326,,Alp Car,Canopus,6.399195,-52.69566,94.7867,19.99,23.67,21.0,-0.62,-5.504,F0Ib,0.164,-5.992679,57.132034,-75.396105,-1.14e-05,2.059e-05,-1.049e-05,1.6753053519997292,-0.9197127748902675,9.691425474305554e-08,1.14755398e-07,Alp,,Car,1,30365,,13854.791675667215,,-0.547,-0.667
31601,31681,47105,2421,,24Gam Gem,Alhena,6.628528,16.399252,33.5121,-2.04,-66.92,-13.0,1.93,-0.696,A0IV,0.001,-5.266162,31.714389,9.461403,1.91e-06,-9.5e-06,-1.418e-05,1.735344593460758,0.28622094417349375,-9.890199083333335e-09,-3.24437315e-07,Gam,24,Gem,1,31601,,165.34840121711517,,,
32263,32349,48915,2491,Gl 244A,9Alp CMa,Sirius,6.752481,-16.716116,2.6371,-546.01,-1223.08,-9.4,-1.44,1.454,A0m...,0.009,-0.494323,2.476731,-0.758485,9.53e-06,-1.207e-05,-1.221e-05,1.7677953696021995,-0.291751258517685,-2.647131177201389e-06,-5.929659164e-06,Alp,9,CMa,1,32263,Gl 244,22.824433121735034,,-1.333,-1.523
33492,33579,52089,2618,,21Eps CMa,Adhara,6.977097,-28.972084,124.2236,2.63,2.29,27.0,1.5,-3.971,B2II,-0.211,-27.497987,105.141608,-60.171969,-7.81e-06,2.362e-05,-1.217e-05,1.8265996485677483,-0.5056582518554612,1.275059979861111e-08,1.1102233e-08,Eps,21,CMa,1,33492,,3375.981048554255,,,
34354,34444,54605,2693,,25Del CMa,Wezen,7.139857,-26.3932,492.6108,-2.75,3.33,34.0,1.83,-6.633,F8Ia,0.671,-129.733458,421.761488,-218.979855,-3.92e-06,3.508e-05,-8.33e-06,1.869210132341708,-0.46064823373741876,-1.3332376215277777e-08,1.6144295e-08,Del,25,CMa,1,34354,,39192.232245497704,,,
35806,35904,58350,2827,,31Eta CMa,Aludra,7.401584,-29.303104,609.7561,-3.76,6.66,41.0,2.45,-6.476,B5Ia,-0.083,-190.762166,496.337122,-298.432917,-6.2e-06,4.711e-05,-3.36e-06,1.9377301884962992,-0.5114356374748288,-1.822899438888889e-08,3.2288591e-08,Eta,31,CMa,1,35806,,33915.6386905822,Eta,2.509,2.409
36087,36188,58715,2845,,3Bet CMi,Gomeisa,7.452512,8.289315,49.5786,-50.28,-38.45,22.0,2.89,-0.586,B8Vvar,-0.097,-18.209817,45.556204,7.147858,2.46e-06,2.64e-05,-5.9e-06,1.9510630590622124,0.144675846904975,-2.4376431858333333e-07,-1.8641086e-07,Bet,3,CMi,1,36087,,149.41699574067007,Bet,2.896,2.876
36107,36208,,,Gl 273,,Luyten's Star,7.456805,5.225785,3.8026,571.27,-3694.25,18.2,9.84,11.94,M5,1.573,-1.409549,3.514856,0.346358,-1.899e-05,1.905e-05,-6.612e-05,1.952186961957238,0.09120715749281125,2.769595112909722e-06,-1.7910229393e-05,,,CMi,1,36107,,0.0014588142602753474,,,
36744,36850,60179,2891,Gl 278A,66Alp Gem,Castor,7.576634,31.888276,15.5958,-206.33,-148.18,6.0,1.58,0.615,A2Vm,0.034,-5.311938,12.130011,8.238737,9.83e-06,1.645e-05,-6.27e-06,1.983558270234413,0.5565554130270287,-1.0003160670902778e-06,-7.18396911e-07,Alp,66,Gem,1,36744,Gl 278,49.43106869868354,,,
37173,37279,61421,2943,Gl 280A,10Alp CMi,Procyon,7.655033,5.224993,3.5142,-716.57,-1034.58,-4.0,0.4,2.671,F5IV-V,0.432,-1.469312,3.17617,0.320024,1.212e-05,2.89e-06,-1.792e-05,2.004083041242831,0.09119333187796,-3.4740293907569444e-06,-5.015785376e-06,Alp,10,CMi,1,37173,Gl 280,7.4404636619191935,,,
37718,37826,62509,2990,Gl 286,78Bet Gem,Pollux,7.755277,28.026199,10.3584,-625.69,-45.95,3.6,1.16,1.084,K0IIIvar,0.991,-4.055465,8.19518,4.867171,2.624e-05,1.782e-05,-3.1e-07,2.0303268874812184,0.4891494417459975,-3.0334307178680563e-06,-2.22771886e-07,Bet,78,Gem,1,37718,,32.09223768048434,,,
39318,39429,66811,3165,,Zet Pup,Naos,8.059737,-40.003148,332.2259,-30.82,16.77,-24.0,2.21,-5.397,O5IAf,-0.269,-130.674899,218.376203,-213.564535,4.333e-05,2.425e-05,3.647e-05,2.110034132578707,-0.6981866375965275,-1.4941957634722223e-07,8.1303254e-08,Zet,,Pup,1,39318,,12554.51673687138,Zet,2.224,2.194
40921,41037,71129,3307,,Eps Car,Avior,8.375236,-59.509483,185.5288,-25.34,22.72,2.0,1.86,-4.482,K3III+B2V,1.196,-54.83708,76.515238,-159.872623,7.66e-06,2.843e-05,8.61e-06,2.192631676046867,-1.038636414190405,-1.2285178665277778e-07,1.10149668e-07,Eps,,Car,1,40921,,5405.053537086696,,,
45106,45238,80007,3685,,Bet Car,Miaplacidus,9.220041,-69.717208,34.6981,-157.66,108.91,-5.0,1.67,-1.032,A2IV,0.07,-8.980712,8.001552,-32.546536,6.13e-06,3.005e-05,1.115e-05,2.413801172874073,-1.2167948189074338,-7.643572487638889e-07,5.28010579e-07,Bet,,Car,1,45106,,225.32013356294826,,,
45425,45556,80404,3699,,Iot Car,Tureis,9.284838,-59.275229,234.7418,-19.03,13.11,13.0,2.21,-4.643,A8Ib,0.189,-90.887872,78.251756,-201.791538,-7.4e-07,2.921e-05,-3.81e-06,2.43076493672462,-1.0345479138581113,-9.226004340972223e-08,6.3559073e-08,Iot,,Car,1,45425,,6269.024974761646,,,
46259,46390,81797,3748,,30Alp Hya,Alphard,9.45979,-8.658603,55.2792,-14.49,33.25,-4.0,1.99,-1.723,K3III,1.44,-43.003468,33.722848,-8.322089,4.52e-06,1.39e-06,9.42e-06,2.4765671803168545,-0.151121122495205,-7.02495023125e-08,1.61200548e-07,Alp,30,Hya,1,46259,,425.7944535825967,,,
47772,47908,84441,3873,,17Eps Leo,Ras Elased Australis,9.764188,23.774255,75.643,-46.09,-9.57,4.0,2.97,-1.424,G0II,0.808,-57.700126,38.244772,30.494289,5.04e-06,1.694e-05,-1.56e-06,2.556258343807028,0.41493902002914623,-2.2345062536805559e-07,-4.6396669e-08,Eps,17,Leo,1,47772,,323.2957533680941,,,
49528,49669,87901,3982,,32Alp Leo,Regulus,10.139532,11.967207,24.3132,-249.4,4.91,6.0,1.36,-0.569,B7V,-0.087,-21.018857,11.132218,5.041397,8.56e-06,2.873e-05,1.84e-06,2.654523172153456,0.20886716528807125,-1.2091253193055555e-06,2.3804351e-08,Alp,32,Leo,1,49528,,147.09570767969763,,,
50440,50583,89484,4057,,41Gam1Leo,Algieba,10.332873,19.841489,39.8883,310.77,-152.88,-37.0,2.01,-0.994,K0III,1.128,-34.002797,15.860719,13.53874,-2.24e-06,-6.526e-05,-4.065e-05,2.7051398372354067,0.34629930564740247,1.5066554750624999e-06,-7.41183154e-07,Gam-1,41,Leo,1,50440,,217.57049509257934,,,
53754,53910,95418,4295,Wo 9343,48Bet UMa,Merak,11.030677,56.382427,24.4499,81.66,33.74,-12.0,2.34,0.399,A1V,0.033,-13.103033,3.398358,20.360601,7.37e-06,-1.191e-05,-8.01e-06,2.887824569114951,0.9840589862911813,3.9589885154166667e-07,1.63576135e-07,Bet,48,UMa,1,53754,,60.311481961781745,,,
53879,54035,95735,,Gl 411,,Lalande 21185,11.055632,35.969877,2.5469,-580.2,-4767.09,-84.3,7.49,10.46,M2V,1.502,-1.998,0.504305,1.495504,3.587e-05,-1.66e-06,-9.828e-05,2.8943575772214722,0.627792793335765,-2.8128889745833336e-06,-2.3111504484e-05,,,UMa,1,53879,,0.0057016427228074665,,,
53905,54061,95689,4301,,50Alp UMa,Dubhe,11.062155,61.751033,37.679,-136.46,-35.25,-9.0,1.81,-1.07,F7V comp,1.061,-17.298705,4.33488,33.191332,4.78e-06,2.45e-05,-1.116e-05,2.896065350203451,1.0777588446528075,-6.615767484861111e-07,-1.70896822e-07,Alp,50,UMa,1,53905,,233.3458062281002,,,
54712,54872,97603,4357,Gl 419,68Del Leo,Zosma,11.235138,20.523717,17.9147,143.31,-130.43,-20.2,2.56,1.294,A4V,0.128,-16.442201,3.337108,6.280742,1.259e-05,-1.526e-05,-1.785e-05,2.941352165381749,0.3582064320032738,6.947864856041666e-07,-6.32342483e-07,Del,68,Leo,1,54712,,26.448436268543603,,,
57459,57632,102647,4534,Gl 448,94Bet Leo,Denebola,11.817663,14.57206,10.9999,-499.02,-113.78,-0.2,2.14,1.933,A3Vvar,0.09,-10.633926,0.508011,2.767546,-6e-08,2.664e-05,-5.92e-06,3.093856965974249,0.2543304303162062,-2.419317228708333e-06,-5.51621005e-07,Bet,94,Leo,1,57459,,14.682499678319866,,,
57767,57939,103095,4550,Gl 451A,,Groombridge 1830,11.88282,37.718679,9.0917,4003.69,-5813.0,-99.1,6.42,6.627,G8Vp,0.754,-7.187679,0.220247,5.561623,-8.204e-05,-0.00017401,-0.00026465,3.1109149833224112,0.6583151445815625,1.941043684703472e-05,-2.818221925e-05,,,UMa,1,57767,Gl 451,0.194625615936124,CF,6.546,6.406
57828,58001,103287,4554,,64Gam UMa,Phad,11.897168,53.69476,25.5037,107.76,11.16,-13.0,2.41,0.377,A0V SB,0.044,-15.094867,0.406425,20.552678,8.62e-06,-1.356e-05,-9.9e-06,3.1146712453081937,0.9371503534205525,5.224352221666667e-07,5.4105206e-08,Gam,64,UMa,1,57828,,61.54602373713163,,,
59592,59774,106591,4660,Gl 459,69Del UMa,Megrez,12.257086,57.032617,24.6853,103.56,7.81,-13.4,3.32,1.358,A3Vvar,0.077,-13.402309,-0.903455,20.710384,9.06e-06,-1.181e-05,-1.099e-05,3.208897599139166,0.995406944309545,5.020730475833334e-07,3.7863948e-08,Del,69,UMa,1,59592,,24.9344618809783,,,
59621,59803,106625,4662,,4Gam Crv,Gienah Ghurab,12.263437,-17.541929,47.1032,-159.58,22.31,-4.0,2.58,-0.785,B8III,-0.107,-44.805937,-3.095058,-14.197066,-1.5e-07,3.652e-05,6.09e-06,3.2105604074253753,-0.306164425583095,-7.736656714305555e-07,1.08161932e-07,Gam,4,Crv,1,59621,,179.47336268325265,,,
60530,60718,108248,4730,,Alp1Cru,Acrux,12.443311,-63.099092,98.7167,-35.37,-14.73,-11.0,0.77,-4.202,B0.5IV,-0.243,-44.363755,-5.171957,-88.034513,9.34e-06,1.813e-05,6.84e-06,3.2576512815622607,-1.1012869028642311,-1.714785988125e-07,-7.1413055e-08,Alp-1,,Cru,1,60530,,4176.379929509739,,,
60731,60936,,,,,3C 273,12.485193,2.052398,100000.0,-11.01,4.38,0.0,12.88,-7.12,,0.12,-99130.70606,-12660.058622,3581.344963,-0.00060072,0.00530397,0.00212194,3.2686158159426206,0.035821109804841246,-5.337798622916666e-08,2.1234839e-08,,,,1,60731,,61376.20051647933,,13.034,12.694
60776,60965,108767,4757,,7Del Crv,Algorab,12.497739,-16.515432,26.6312,-209.97,-139.3,9.0,2.94,0.813,B9.5V,-0.012,-25.316094,-3.317674,-7.57057,-7.2e-06,2.639e-05,-1.986e-05,3.2719004348212555,-0.28824867427274875,-1.0179632850625e-06,-6.75345457e-07,Del,7,Crv,1,60776,,41.19077848677376,,,
60893,61084,108903,4763,,Gam Cru,Gacrux,12.519429,-57.113212,27.1518,27.94,-264.33,21.0,1.59,-0.579,M4III,1.6,-14.606901,-1.998688,-22.800748,1.789e-05,-1.26e-06,-3.693e-05,3.277578929248245,-0.9968135891950087,1.3545694234722223e-07,-1.281508001e-06,Gam,,Cru,1,60893,,148.45676750522713,,,
61166,61359,109379,4786,,9Bet Crv,Kraz,12.573121,-23.396759,44.6628,0.86,-56.0,-8.0,2.65,-0.6,G5II,0.893,-40.529889,-6.127261,-17.73539,1.221e-05,1.66e-06,-7.88e-06,3.2916353004822296,-0.40835048058703377,4.169397652777778e-09,-2.71495661e-07,Bet,9,Crv,1,61166,,151.3561248436207,,,
61748,61941,110379,4825,Gl 482A,29Gam Vir,Porrima,12.694345,-1.449375,11.685,-616.66,60.66,-19.9,2.74,2.402,F0V+...,0.368,-11.488622,-2.111702,-0.295552,1.361e-05,3.802e-05,3.95e-06,3.3233717735446278,-0.0252963627301925,-2.9896520425138888e-06,2.94087978e-07,Gam,29,Vir,1,61748,Gl 482,9.532350439205146,,,
62239,62434,111123,4853,,Bet Cru,Becrux,12.795359,-59.688764,85.3971,-48.24,-12.82,16.0,1.25,-3.407,B0.5III,-0.238,-42.168771,-8.909619,-73.723149,-7.73e-06,1.878e-05,-1.681e-05,3.349817026601454,-1.0417654498397388,-2.3387411950000003e-07,-6.2153113e-08,Bet,,Cru,1,62239,,2008.1678041839857,Bet,1.267,1.237
62757,62956,112185,4905,,77Eps UMa,Alioth,12.900472,55.959821,25.31,111.74,-8.99,-9.0,1.76,-0.256,A0p,-0.022,-13.775959,-3.309169,20.972944,7.32e-06,-1.234e-05,-8.24e-06,3.377335590144558,0.9766831266334463,5.417308066527778e-07,-4.3584749e-08,Eps,77,UMa,1,62757,,110.25543321022239,Eps,1.776,1.746
62925,63125,112413,4915,,12Alp2CVn,Cor Caroli,12.933807,38.31838,35.1989,-233.43,54.98,-3.0,2.89,0.157,A0spe...,-0.115,-26.795114,-6.684223,21.824384,-1.66e-06,4.064e-05,5.46e-06,3.386062717619973,0.6687818903174088,-1.1317005745208332e-06,2.66550561e-07,Alp-2,12,CVn,1,62925,,75.37025766884257,Alp-2,2.943,2.863
63405,63608,113226,4932,,47Eps Vir,Vindemiatrix,13.036278,10.95915,33.6022,-275.05,19.96,-14.0,2.85,0.218,G8IIIvar,0.934,-31.782664,-8.840495,6.38806,2.13e-06,4.71e-05,4.7e-07,3.4128895430497517,0.1912732567270875,-1.3334800283680557e-06,9.676881e-08,Eps,47,Vir,1,63405,,71.25248247522671,,,
65173,65378,116656,5054,NN 3783A,79Zet UMa,Mizar,13.398747,54.925362,26.3089,121.23,-22.01,-5.6,2.23,0.129,A2V,0.057,-14.115808,-5.413302,21.531272,6.46e-06,-1.408e-05,-6.3e-06,3.507783854721718,0.9586284043094538,5.877396249374999e-07,-1.06707491e-07,Zet,79,UMa,1,65173,NN 3783,77.33925780489973,,2.336,2.196
65269,65474,116658,5056,,67Alp Vir,Spica,13.419883,-11.161322,76.5697,-42.5,-31.73,1.0,0.98,-3.44,B1V,-0.235,-69.990853,-27.285826,-14.82176,-4.54e-06,1.516e-05,-1.175e-05,3.5133172180991257,-0.194801818024575,-2.0604581423611113e-07,-1.5383138e-07,Alp,67,Vir,1,65269,,2070.1413487910413,Alp,1.001,0.961
65272,65477,116842,5062,NN 3785,80    UMa,Alcor,13.420413,54.987958,25.0564,120.35,-16.94,-8.9,3.99,1.995,A5V SB,0.169,-13.393436,-5.223608,20.521915,8.61e-06,-1.233e-05,-8.64e-06,3.5134558303910652,0.9597209083849262,5.834732645486111e-07,-8.2127437e-08,,80,UMa,1,65272,,13.867558288718882,,,
67088,67301,120315,5191,,85Eta UMa,Alkaid,13.792354,49.313265,31.8674,-121.23,-15.56,-11.0,1.85,-0.667,B3V SB,-0.099,-18.529548,-9.394541,24.164506,-3.55e-06,1.92e-05,-1.01e-05,3.6108299012782816,0.8606788389261799,-5.877396249374999e-07,-7.5437008e-08,Eta,85,UMa,1,67088,,160.99040762157054,,,
67711,67927,121370,5235,Gl 534,8Eta Boo,Mufrid,13.911411,18.397717,11.396,-60.95,-358.1,1.0,2.68,2.396,G0IV,0.58,-9.487671,-5.188142,3.596709,-7.95e-06,-5.1e-07,-1.845e-05,3.64199895242804,0.3211007359693375,-2.9549393829861114e-07,-1.73611779e-06,Eta,8,Boo,1,67711,,9.585173976856456,,,
68483,68702,122451,5267,,Bet Cen,Hadar,14.063729,-60.373039,120.1923,-33.96,-25.06,6.0,0.61,-4.789,B1III,-0.231,-50.954051,-30.56287,-104.478695,-1.89e-06,2.194e-05,-1.255e-05,3.681875660376148,-1.053708314075195,-1.646427259166667e-07,-1.21494308e-07,Bet,,Cen,1,68483,,7171.33482657721,Bet,0.634,0.594
68537,68756,123299,5291,,11Alp Dra,Thuban,14.073165,64.37585,92.9368,-56.52,17.19,-13.0,3.67,-1.171,A0III SB,-0.049,-34.416017,-20.758849,83.796391,-2.25e-06,2.838e-05,-8.64e-06,3.6843459063539425,1.1235705482203713,-2.7401669224999995e-07,8.3339471e-08,Alp,11,Dra,1,68537,,256.09435171567696,,,
68714,68933,123139,5288,Gl 539,5The Cen,Menkent,14.111395,-36.369954,18.0343,-519.29,-517.87,1.3,2.06,0.78,K0IIIb,1.011,-12.358808,-7.624204,-10.694288,-1.9e-06,5.217e-05,-3.724e-05,3.6943545480965847,-0.6347754526653112,-2.517588961756944e-06,-2.510704607e-06,The,5,Cen,1,68714,,42.46195639463128,,,
69451,69673,124897,5340,Gl 541,16Alp Boo,Arcturus,14.26103,19.18241,11.2575,-1093.45,-1999.4,-5.0,-0.05,-0.307,K2IIIp,1.239,-8.823448,-5.932531,3.698938,-5.905e-05,3.22e-05,-0.00010473,3.7335290285420872,0.33479621805862125,-5.301195190034722e-06,-9.693364729e-06,Alp,16,Boo,1,69451,,115.55799554021293,,,
70666,70890,,,Gl 551,,Proxima Centauri,14.495985,-62.679485,1.2959,-3775.64,768.16,-16.0,11.01,15.447,M5Ve,1.807,-0.472264,-0.361451,-1.151219,-1.186e-05,2.079e-05,1.675e-05,3.7950399168315756,-1.09396338473328,-1.8304819248527778e-05,3.724144768e-06,,,Cen,1,70666,,5.770321353329293e-05,V645,11.079,10.939
71456,71683,128620,5459,Gl 559A,Alp1Cen,Rigil Kentaurus,14.660765,-60.833976,1.3248,-3678.19,481.84,-26.2,-0.01,4.379,G2V,0.71,-0.495203,-0.414084,-1.156625,-7.22e-06,2.476e-05,2.491e-05,3.838179211777228,-1.0617531757704175,-1.783236831682639e-05,2.336026238e-06,Alp-1,,Cen,1,71456,Gl 559,1.543121065657792,,0.113,-0.087
71879,72105,129988,5505,,36Eps Boo,Izar,14.749784,27.074222,62.1118,-50.65,20.0,-23.0,2.35,-1.616,A0,0.966,-41.582771,-36.462926,28.269741,7.75e-06,2.708e-05,-5.34e-06,3.8614843383663695,0.47253432342394,-2.455581292013889e-07,9.6962736e-08,Eps,36,Boo,1,71879,,385.83355990535125,,,
72380,72607,131873,5563,,7Bet UMi,Kochab,14.845105,74.155505,40.1445,-32.29,11.91,17.0,2.07,-0.948,K4IIIvar,1.465,-8.058164,-7.429707,38.619407,-6.11e-06,2.91e-06,1.736e-05,3.8864392902195473,1.2942577172364538,-1.565463374513889e-07,5.7741309e-08,Bet,7,UMi,1,72380,,208.54510476931685,,,
72396,72622,130841,5531,Gl 564.1,9Alp2Lib,Zubenelgenubi,14.847977,-16.041778,23.2396,-105.69,-69.0,-46.7,2.75,0.919,A3IV,0.147,-16.408581,-15.151818,-6.421874,2.722e-05,4.135e-05,5.73e-06,3.887191169503684,-0.27998184606259124,-5.123995789791666e-07,-3.34521439e-07,Alp-2,9,Lib,1,72396,,37.35940922587999,,,
74556,74785,135742,5685,,27Bet Lib,Zubeneschemali,15.283449,-9.382917,56.7537,-96.39,-20.76,-35.0,2.61,-1.16,B8V,-0.071,-36.549398,-42.420251,-9.252607,3.57e-06,4.477e-05,2e-07,4.001197527020817,-0.16376280166405,-4.673119066875e-07,-1.0064732e-07,Bet,27,Lib,1,74556,,253.51286304979072,,,
76035,76267,139006,5793,,5Alp CrB,Alphekka,15.578128,26.714693,23.0097,120.38,-89.44,2.0,2.22,0.41,A0V,0.032,-12.176093,-16.558746,10.343974,7.08e-06,-1.304e-05,-7.99e-06,4.0783442886637005,0.46625935084814374,5.836187086527777e-07,-4.33617355e-07,Alp,5,CrB,1,76035,,59.70352865838366,Alp,2.289,2.209
76835,77070,140573,5854,Gl 596.2,24Alp Ser,Unukalhai,15.737798,6.425627,22.6757,134.66,44.14,2.7,2.63,0.852,K2III,1.167,-12.5786,-18.695648,2.537718,1.105e-05,-1.009e-05,5.13e-06,4.120145986438394,0.11214834647163249,6.528501022361111e-07,2.13996758e-07,Alp,24,Ser,1,76835,,39.73745050614631,,,
78165,78401,143275,5953,,7Del Sco,Dschubba,16.005557,-22.62171,150.6024,-8.67,-36.9,-7.0,2.29,-3.599,B0.2IV,-0.117,-69.332609,-120.492107,-57.928452,2.98e-06,1.787e-05,-2.211e-05,4.190245125208222,-0.39482331934217,-4.203334610416667e-08,-1.78896248e-07,Del,7,Sco,1,78165,,2396.624529408638,Del,2.299,2.279
78580,78820,144217,5984,,8Bet1Sco,Graffias,16.09062,-19.805453,123.9157,-6.75,-24.89,-1.0,2.56,-2.906,B0.5V,-0.065,-55.881427,-102.320756,-41.98604,-6.7e-07,7.23e-06,-1.372e-05,4.21251438265692,-0.34567036986359373,-3.2724923437500004e-08,-1.20670125e-07,Bet-1,8,Sco,1,78580,,1265.9017493002452,,,
80519,80763,148478,6134,,21Alp Sco,Antares,16.490128,-26.432002,169.7793,-10.16,-23.21,-3.0,1.06,-5.089,M1Ib + B2.5V,1.865,-58.542602,-140.307591,-75.574766,-3.38e-06,1.36e-05,-1.574e-05,4.317105466000638,-0.4613254705959812,-4.9257069944444444e-08,-1.12525255e-07,Alp,21,Sco,1,80519,,9453.660459579653,Alp,1.155,0.995
80571,80816,148856,6148,,27Bet Her,Kornephoros,16.503668,21.489613,42.6621,-98.43,-14.49,-26.0,2.78,-0.37,G8III,0.947,-15.155861,-36.689058,15.62843,-9.79e-06,2.963e-05,-1.253e-05,4.320650131481575,0.3750645053168575,-4.772021057708333e-07,-7.0249502e-08,Bet,27,Her,1,80571,,122.4616199265049,,,
82022,82273,150798,6217,,Alp TrA,Atria,16.811077,-69.027715,119.7605,17.85,-32.92,-3.0,1.91,-3.482,K2IIb-IIIa,1.447,-13.127447,-40.804561,-111.826781,1.567e-05,1.486e-05,-3.98e-06,4.401129586218367,-1.2047609005058013,8.653924197916668e-08,-1.59600663e-07,Alp,,TrA,1,82022,,2151.7905703397573,,,
84086,84345,156014,6406,,64Alp1Her,Rasalgethi,17.244127,14.390333,110.2536,-6.71,32.78,-33.0,2.78,-2.432,M5IIvar,1.164,-20.995512,-104.709944,27.400863,3.77e-06,3.703e-05,8.58e-06,4.514501981353768,0.251158687566835,-3.253099796527778e-08,1.58921924e-07,Alp-1,64,Her,1,84086,,818.0879579457477,Alp,2.967,2.567
85410,85670,159181,6536,,23Bet Dra,Rastaban,17.507213,52.301387,116.5501,-15.59,11.57,-20.0,2.79,-2.543,G2II,0.954,-9.169333,-70.678899,92.218765,-6.46e-06,1.867e-05,-1.219e-05,4.583377711653538,0.9128314068132425,-7.558245279861111e-08,5.6092942e-08,Bet,23,Dra,1,85410,,906.149802231998,,,
85665,85927,158926,6527,,35Lam Sco,Shaula,17.560145,-37.103821,175.1313,-8.9,-29.95,-3.0,1.62,-4.597,B1.5IV+...,-0.231,-16.048583,-138.749793,-105.649898,-5.46e-06,1.854e-05,-1.843e-05,4.597235152451346,-0.6475838425148488,-4.314841756944444e-08,-1.45201697e-07,Lam,35,Sco,1,85665,,6008.9695048348585,Lam,1.656,1.596
85769,86032,159561,6556,Gl 681,55Alp Oph,Rasalhague,17.582241,12.560035,14.8965,110.08,-222.61,12.6,2.08,1.215,A5III,0.155,-1.587067,-14.453242,3.239454,6.15e-06,-1.685e-05,-1.289e-05,4.603020022725371,0.2192139606173275,5.336828995555555e-07,-1.079243734e-06,Alp,55,Oph,1,85769,,28.444611074479155,,,
85965,86228,159532,6553,,The Sco,Sargas,17.62198,-42.997824,92.081,6.06,-0.95,1.0,1.86,-2.961,F1II,0.406,-6.654055,-67.016643,-62.796539,2.65e-06,-7.2e-07,-1.01e-06,4.613423665072454,-0.7504535963001288,2.9379709041666665e-08,-4.605729e-09,The,,Sco,1,85965,,1331.6803762699813,,,
86475,86742,161096,6603,,60Bet Oph,Cebalrai,17.724543,4.567303,25.0941,-40.67,158.8,-12.0,2.76,0.762,K2III,1.168,-1.802333,-24.949291,1.998237,-3.94e-06,1.409e-05,1.828e-05,4.640274382729916,0.079714471486085,-1.9717372388194446e-07,7.69884124e-07,Bet,60,Oph,1,86475,,43.171784447092264,,,
87561,87833,164058,6705,,33Gam Dra,Etamin,17.943437,51.488895,47.3037,-8.52,-23.05,-28.0,2.24,-1.134,K5III,1.521,-0.436154,-29.451035,37.014357,-1.75e-06,1.372e-05,-2.57e-05,4.697580791571401,0.8986507441914112,-4.1306125583333336e-08,-1.11749553e-07,Gam,33,Dra,1,87561,,247.5141318074314,,,
87665,87937,,,Gl 699,,Barnard's Star,17.963472,4.693388,1.8238,-797.84,9999.99,-111.0,9.54,13.235,sdM4,1.57,-0.017373,-1.816613,0.149123,-5.91e-06,0.0001204,7.888e-05,4.702826031672147,0.08191507873243374,-3.868037468944444e-06,5.0066369421e-05,,,Oph,1,87665,,0.00044258837236262646,V2500,9.59,9.49
88361,88635,165135,6746,,10Gam2Sgr,Nash,18.096803,-30.424091,29.7,-55.75,-181.53,22.0,2.98,0.616,K0III,0.981,0.648969,-25.602281,-15.040072,-7.87e-06,-6.37e-06,-3.393e-05,4.737732034018264,-0.5310005637198976,-2.7028362690972226e-07,-8.80082274e-07,Gam-2,10,Sgr,1,88361,,49.38556196176077,,,
89653,89931,168454,6859,,19Del Sgr,Kaus Meridionalis,18.3499,-29.828103,106.6098,29.96,-26.38,-20.0,2.72,-2.419,K3III,1.38,8.460232,-92.098382,-53.027575,1.318e-05,2.584e-05,-1.65e-06,4.803992512939064,-0.5205986100711699,1.4525017869444445e-07,-1.27893848e-07,Del,19,Sgr,1,89653,,808.3510373900685,,,
89906,90185,169022,6879,,20Eps Sgr,Kaus Australis,18.402868,-34.384616,43.9367,-39.61,-124.05,-15.0,1.79,-1.424,B9.5III,-0.031,3.817188,-36.057831,-24.812975,-1.129e-05,2.654e-05,-1.314e-05,4.817859452696385,-0.6001247623494875,-1.9203469886805557e-07,-6.0141137e-07,Eps,20,Sgr,1,89906,,323.2957533680941,,,
90217,90496,169916,6913,Gl 713.1,22Lam Sgr,Kaus Borealis,18.466179,-25.4217,23.9693,-44.81,-186.29,-43.2,2.82,0.922,K1IIIb,1.025,2.635486,-21.487046,-10.289309,-1.116e-05,4.82e-05,-5.8e-07,4.83443427510616,-0.4436923676447937,-2.1724501025694445e-07,-9.03159405e-07,Lam,22,Sgr,1,90217,,37.25632384666037,,,
90979,91262,172167,7001,Gl 721,3Alp Lyr,Vega,18.61564,38.783692,7.6787,201.02,287.46,-12.1,0.03,0.604,A0Vvar,-0.001,0.960565,-5.908009,4.809731,4.76e-06,1.734e-05,5.9e-07,4.873563095509031,0.6769031163973025,9.745724606527778e-07,1.393645406e-06,Alp,3,Lyr,1,90979,,49.93441887213498,,,
92133,92420,174638,7106,,10Bet Lyr,Sheliak,18.834665,33.362667,294.9853,1.1,-4.46,-19.0,3.52,-3.829,A8:V comp SB,0.003,53.40884,-240.514817,162.223134,-1.22e-06,1.276e-05,-1.601e-05,4.930903798663317,0.5822883858014625,5.332950486111112e-09,-2.162269e-08,Bet,10,Lyr,1,92133,,2962.1019360527675,Bet,4.259,3.329
92564,92855,175191,7121,,34Sig Sgr,Nunki,18.92109,-26.296722,69.8324,13.87,-52.65,-11.0,2.05,-2.17,B2.5V,-0.134,14.950858,-60.794062,-30.937099,2.7e-07,1.858e-05,-1.1e-05,4.953529829382003,-0.4589643844760175,6.724365749305555e-08,-2.55254402e-07,Sig,34,Sgr,1,92564,,642.6877173170194,,,
93846,94141,178524,7264,,41Pi  Sgr,Albaldah,19.162731,-21.023615,156.25,-1.17,-36.83,-10.0,2.88,-3.089,F2II/III,0.377,43.714239,-139.143552,-56.055078,-6.71e-06,1.839e-05,-2.237e-05,5.016791345367199,-0.3669312993726825,-5.6723200625e-09,-1.78556878e-07,Pi,41,Sgr,1,93846,,1498.3042106226599,,,
95648,95947,183912,7417,,6Bet1Cyg,Albireo,19.512023,27.959681,133.1558,-7.09,-5.63,-24.0,3.05,-2.572,K3II+...,1.088,45.350466,-108.51838,62.430012,-1.193e-05,1.667e-05,-1.472e-05,5.108235547233712,0.4879884921686625,-3.437328995138889e-08,-2.729501e-08,Bet-1,6,Cyg,1,95648,,930.6791831626532,,,
95992,96295,184738,,,,Campbell's Hydrogen Star,19.579231,30.516371,100000.0,-4.16,-10.19,-30.4,10.0,-10.0,WC...,-0.013,34611.284098,-78889.844899,50778.453408,-0.00084972,-0.00308271,-0.00427137,5.12583076552782,0.5326111517280024,-2.016824911111111e-08,-4.9402514e-08,,,Cyg,1,95992,,870963.5899560815,V1966,10.048,9.938
96970,97278,186791,7525,,50Gam Aql,Tarazed,19.770994,10.613261,121.0654,15.72,-3.08,-2.0,2.72,-2.695,K3II,1.507,53.215608,-106.431852,22.297682,7.5e-06,5.63e-06,-2.15e-06,5.1760341858612176,0.18523635134271627,7.621271058333333e-08,-1.4932261e-08,Gam,50,Aql,1,96970,,1042.3174293933046,,,
97338,97649,187642,7557,Gl 768,53Alp Aql,Altair,19.846388,8.868322,5.1295,536.82,385.54,-26.1,0.76,2.21,A7IV-V,0.221,2.355468,-4.4873,0.790749,-1.12e-06,3.087e-05,5.36e-06,5.195772105546999,0.15478141706831,2.602576799958334e-06,1.869150664e-06,Alp,53,Aql,1,97338,,11.376272858234303,Alp,0.803,0.753
97725,98036,188512,7602,Gl 771A,60Bet Aql,Alshain,19.921887,6.406763,13.6986,46.35,-481.32,-40.7,3.71,3.027,G8IVvar,0.855,6.563854,-11.925647,1.528534,-1.553e-05,3.46e-05,-3.641e-05,5.215537811222483,0.11181911582943875,2.2471114093750002e-07,-2.333505207e-06,Bet,60,Aql,1,97725,Gl 771,5.360434578161428,,,
97987,98298,226868,,,,Cygnus X-1,19.972688,35.201604,595.2381,-3.82,-7.62,-2.7,8.84,-0.033,B0Ib,0.73,240.17499,-422.950898,343.12808,-4.44e-06,-1.45e-05,-1.956e-05,5.228837432951027,0.6143838937504825,-1.851988259722222e-08,-3.6942802e-08,,,Cyg,1,97987,,89.78421709097269,V1357,8.883,8.793
100128,100453,194093,7796,,37Gam Cyg,Sadr,20.370473,40.256679,561.7978,2.43,-0.93,-8.0,2.23,-6.518,F8Ib,0.673,249.318228,-348.795593,363.040966,2.7e-06,7.6e-06,-7.22e-06,5.332977255083509,0.7026115975482887,1.1780972437500002e-08,-4.508767e-09,Gam,37,Cyg,1,100128,,35253.318119588555,,,
100425,100751,193924,7790,,Alp Pav,Peacock,20.427459,-56.73509,54.8246,7.71,-86.15,2.0,1.94,-1.755,B2IV,-0.118,17.850262,-24.200974,-45.841245,-9.05e-06,1.572e-05,-1.427e-05,5.347896379067429,-0.9902141215861188,3.737913477083334e-08,-4.17666985e-07,Alp,,Pav,1,100425,,438.5306977749856,,,
101767,102098,197345,7924,,50Alp Cyg,Deneb,20.690532,45.280338,432.9004,1.56,1.55,-5.0,1.25,-6.932,A2Ia,0.092,197.250632,-232.113407,307.600832,-1.33e-06,6.62e-06,-1.34e-06,5.416768542177067,0.790290982752855,7.563093416666667e-09,7.514612e-09,Alp,50,Cyg,1,101767,,51617.86054966733,Alp,1.294,1.224
102157,102488,197989,7949,Gl 806.1A,53Eps Cyg,Gienah,20.770178,33.970256,22.2916,356.16,330.28,-10.9,2.48,0.739,K0III,1.021,12.262597,-13.834612,12.455654,9.44e-06,4.737e-05,2.337e-05,5.43761981873354,0.59289281587296,1.7267124046666668e-06,1.601242624e-06,Eps,53,Cyg,1,102157,Gl 806.1,44.09608164506378,,,
104751,105090,202560,,Gl 825,,Lacaille 8760,21.287725,-38.867362,3.9462,-3259.0,-1146.99,28.2,6.69,8.709,M1/M2V,1.397,2.330004,-2.003156,-2.476477,-3.405e-05,-5.295e-05,-3.518e-05,5.573113374318819,-0.6783634426887974,-1.5800077849305555e-05,-5.560764434e-06,,,Mic,1,104751,,0.028602236939542804,AX,6.707,6.667
104861,105199,203280,8162,Gl 826,5Alp Cep,Alderamin,21.30963,62.585573,15.0376,149.91,48.27,-11.5,2.45,1.564,A7IV-V,0.257,5.276111,-4.483201,13.348778,5.7e-07,1.386e-05,-8.82e-06,5.578848152361649,1.0923243046711761,7.267841885208333e-07,2.34019563e-07,Alp,5,Cep,1,104861,,20.62528697846573,,,
105936,106278,204867,8232,,22Bet Aqr,Sadalsuud,21.525982,-5.571172,164.7446,22.79,-6.7,7.0,2.9,-3.184,G0Ib,0.828,130.759282,-98.929336,-15.993766,1.625e-05,1.053e-05,-6.02e-06,5.635488811779081,-0.097235298222015,1.1048903779861111e-07,-3.2482516e-08,Bet,22,Aqr,1,105936,,1635.3096517445822,,,
106972,107315,206778,8308,,8Eps Peg,Enif,21.736433,9.875011,211.4165,30.02,1.38,5.0,2.38,-4.246,K2Ibvar,1.52,172.769915,-116.330918,36.25782,2.116e-05,2.284e-05,2.27e-06,5.690584775484336,0.17235145954124498,1.4554106690277777e-07,6.690428e-09,Eps,8,Peg,1,106972,,4349.106072324538,Eps,2.404,2.364
108728,109074,209750,8414,,34Alp Aqr,Sadalmelik,22.096399,-0.319851,160.5136,17.9,-9.93,8.0,2.95,-3.078,G2Ib,0.969,140.987693,-76.722268,-0.896054,1.381e-05,8.34e-06,-7.77e-06,5.784823674339427,-0.0055824472424825,8.678164881944445e-08,-4.8141998e-08,Alp,34,Aqr,1,108728,,1483.2009671818741,,,
108922,109268,209952,8425,Gl 848.2,Alp Gru,Alnair,22.137209,-46.960975,30.9693,127.6,-147.91,10.9,1.73,-0.725,B7IV,-0.07,18.672505,-9.904001,-22.635193,1.36e-06,2.096e-05,-2.33e-05,5.795507642944743,-0.8196236395192475,6.186222563888889e-07,-7.17087914e-07,Alp,,Gru,1,108922,,169.82436524617444,,,
110547,110893,239960,,Gl 860A,,Kruger 60,22.466642,57.695875,4.001,-870.23,-471.1,-33.3,9.59,11.579,M2V,1.613,1.968033,-0.83547,3.381486,-1.624e-05,-1.144e-05,-3.367e-05,5.881753022801692,1.0069829823740712,-4.218994092298611e-06,-2.283957249e-06,,,Cep,1,110547,Gl 860,0.002034229743211725,DO,9.628,9.548
111804,112158,215182,8650,,44Eta Peg,Matar,22.716704,30.221245,65.703,13.11,-26.11,4.0,2.93,-1.158,G2II-III..,0.852,53.59916,-18.717064,33.070991,8.67e-06,1.4e-06,-5.13e-06,5.947219325141893,0.5274602313825538,6.355907352083334e-08,-1.26584851e-07,Eta,44,Peg,1,111804,,253.04630494613966,,,
111893,112247,215441,,,,Babcock's star,22.735418,55.589226,100000.0,4.96,-0.98,0.0,8.83,-11.17,A0p,0.031,53443.383418,-18369.410721,82500.724352,0.00115224,0.00214649,-0.00026848,5.952118392409138,0.9702150174272276,2.4046758555555555e-08,-4.751174e-09,,,Lac,1,111893,,2558585.886905648,GL,8.907,8.757
113008,113368,216956,8728,Gl 881,24Alp PsA,Fomalhaut,22.960838,-29.622236,7.7036,329.22,-164.22,6.1,1.17,1.737,A3V,0.145,6.450517,-1.799476,-3.807757,5.61e-06,1.12e-05,-8.41e-06,6.011133383906492,-0.5170055514089774,1.596103599125e-06,-7.96161026e-07,Alp,24,PsA,1,113008,,17.587333541355722,,,
113521,113881,217906,8775,,53Bet Peg,Scheat,23.062901,28.082789,60.0962,187.76,137.61,9.0,2.44,-1.454,M2II-IIIvar,1.655,51.433435,-12.877612,28.290136,2.86e-06,5.567e-05,3.97e-05,6.037853304003958,0.49013713158091876,9.10286166611111e-07,6.67152105e-07,Bet,53,Peg,1,113521,,332.35330357747745,Bet,2.584,2.384
113603,113963,218045,8781,,54Alp Peg,Markab,23.079348,15.205264,40.8831,61.1,-42.56,-4.0,2.49,-0.568,B9.5III,-0.002,38.311434,-9.417123,10.722722,1.21e-06,1.217e-05,-9.21e-06,6.042159145935139,0.2653819265538575,2.962211588194444e-07,-2.06336702e-07,Alp,54,Peg,1,113603,,146.96028989796503,,,
113687,114046,217987,,Gl 887,,Lacaille 9352,23.097531,-35.853073,3.2759,6767.26,1326.66,9.5,7.35,9.773,M2/M3V,1.483,2.581532,-0.621353,-1.918773,4.484e-05,9.974e-05,1.138e-05,6.046919538269939,-0.6257541624947276,3.280860227876389e-05,6.431829174e-06,,,PsA,1,113687,,0.010734949358052354,,,
118084,7751,10361,487,Gl 66A,,p Eridani,1.663003,-56.19462,8.1466,268.8,25.41,19.5,5.8,6.245,K2 V,0.86,4.110128,1.912046,-6.7701,6.34e-06,1.466e-05,-1.601e-05,0.43537304995866666,-0.9807811326846,1.3031791733333335e-06,1.23186308e-07,,,Eri,1,118084,Gl 66,0.27669416454115103,,,
